[
    {"category" : "ones",   "image" : "http://onehungrymind.com/angular-album/img/image_01.png", "thumbnail" : "http://onehungrymind.com/angular-album/img/image_01_th.jpg", "description" : "Image 01 description"},
    {"category" : "twos",   "image" : "http://onehungrymind.com/angular-album/img/image_02.png", "thumbnail" : "http://onehungrymind.com/angular-album/img/image_02_th.jpg", "description" : "Image 02 description"},
    {"category" : "threes", "image" : "http://onehungrymind.com/angular-album/img/image_03.png", "thumbnail" : "http://onehungrymind.com/angular-album/img/image_03_th.jpg", "description" : "Image 03 description"},
    {"category" : "fours",  "image" : "http://onehungrymind.com/angular-album/img/image_04.png", "thumbnail" : "http://onehungrymind.com/angular-album/img/image_04_th.jpg", "description" : "Image 04 description"},
    {"category" : "fives",  "image" : "http://onehungrymind.com/angular-album/img/image_05.png", "thumbnail" : "http://onehungrymind.com/angular-album/img/image_05_th.jpg", "description" : "Image 05 description"},
    {"category" : "ones",   "image" : "http://onehungrymind.com/angular-album/img/image_01.png", "thumbnail" : "http://onehungrymind.com/angular-album/img/image_01_th.jpg", "description" : "Image 01 description"},
    {"category" : "twos",   "image" : "http://onehungrymind.com/angular-album/img/image_02.png", "thumbnail" : "http://onehungrymind.com/angular-album/img/image_02_th.jpg", "description" : "Image 02 description"},
    {"category" : "threes", "image" : "http://onehungrymind.com/angular-album/img/image_03.png", "thumbnail" : "http://onehungrymind.com/angular-album/img/image_03_th.jpg", "description" : "Image 03 description"},
    {"category" : "fours",  "image" : "http://onehungrymind.com/angular-album/img/image_04.png", "thumbnail" : "http://onehungrymind.com/angular-album/img/image_04_th.jpg", "description" : "Image 04 description"},
    {"category" : "fives",  "image" : "http://onehungrymind.com/angular-album/img/image_05.png", "thumbnail" : "http://onehungrymind.com/angular-album/img/image_05_th.jpg", "description" : "Image 05 description"},
    {"category" : "ones",   "image" : "http://onehungrymind.com/angular-album/img/image_01.png", "thumbnail" : "http://onehungrymind.com/angular-album/img/image_01_th.jpg", "description" : "Image 01 description"},
    {"category" : "twos",   "image" : "http://onehungrymind.com/angular-album/img/image_02.png", "thumbnail" : "http://onehungrymind.com/angular-album/img/image_02_th.jpg", "description" : "Image 02 description"},
    {"category" : "threes", "image" : "http://onehungrymind.com/angular-album/img/image_03.png", "thumbnail" : "http://onehungrymind.com/angular-album/img/image_03_th.jpg", "description" : "Image 03 description"},
    {"category" : "fours",  "image" : "http://onehungrymind.com/angular-album/img/image_04.png", "thumbnail" : "http://onehungrymind.com/angular-album/img/image_04_th.jpg", "description" : "Image 04 description"},
    {"category" : "fives",  "image" : "http://onehungrymind.com/angular-album/img/image_05.png", "thumbnail" : "http://onehungrymind.com/angular-album/img/image_05_th.jpg", "description" : "Image 05 description"}
]